{
    "ARI": 0.4017743459520219,
    "NMI": 0.6423622177282629,
    "Purity": 0.5507246376811594,
    "Silhouette_UMAP": 0.6549995541572571
}