{
    "ARI": 0.6340883353110727,
    "NMI": 0.784085483948382,
    "Purity": 0.703971119133574,
    "Silhouette_UMAP": 0.6536573000747592
}