{
    "ARI": 0.5106071241927922,
    "NMI": 0.754096209602998,
    "Purity": 0.5927272727272728,
    "Silhouette_UMAP": 0.8045550045736656
}