{
    "ARI": 0.32134361777376313,
    "NMI": 0.5161653969797289,
    "Purity": 0.4223826714801444,
    "Silhouette_UMAP": 0.762694776058197
}