{
    "ARI": 0.5425041066785974,
    "NMI": 0.5677543239926065,
    "Purity": 0.6086956521739131
}