{
    "ARI": 0.6425040750973752,
    "NMI": 0.8113802705426059,
    "Purity": 0.7065217391304348,
    "Silhouette_UMAP": 0.7500485181808472
}