{
    "ARI": 0.3472940017708553,
    "NMI": 0.5610402273215561,
    "Purity": 0.4259927797833935,
    "Silhouette_UMAP": 0.7813382744789124
}