{
    "ARI": 0.5074339721048161,
    "NMI": 0.690606906178042,
    "Purity": 0.6101083032490975,
    "Silhouette_Euclidean": 0.10709854883656061
}