{
    "ARI": 0.5195809062436747,
    "NMI": 0.6933603234181873,
    "Purity": 0.6173285198555957,
    "Silhouette_DTW": 0.11027586965921986
}