{
    "ARI": 0.26844547855282147,
    "NMI": 0.49086049478861066,
    "Purity": 0.4007220216606498,
    "Silhouette_DTW": 0.08744400881746688
}