{
    "ARI": 0.37547502374245106,
    "NMI": 0.632077970404576,
    "Purity": 0.5373134328358209,
    "Silhouette_UMAP": 0.6800141930580139
}