{
    "ARI": 0.3999065168325427,
    "NMI": 0.5200121484401047,
    "Purity": 0.5869565217391305
}