{
    "ARI": 0.5544255799975769,
    "NMI": 0.7324876099565573,
    "Purity": 0.6498194945848376,
    "Silhouette_Euclidean": 0.13116085573467423
}