{
    "ARI": 0.5378100136119607,
    "NMI": 0.7859798563963564,
    "Purity": 0.6204379562043796,
    "Silhouette_UMAP": 0.7948968410491943
}