{
    "ARI": 0.39659080567102095,
    "NMI": 0.6323548589164407,
    "Purity": 0.5471014492753623,
    "Silhouette_UMAP_Euclidean": 0.6598447561264038
}