{
    "ARI": 0.6412785580128466,
    "NMI": 0.7960460618889997,
    "Purity": 0.7075812274368231,
    "Silhouette_UMAP": 0.6444108486175537
}