{
    "ARI": 0.6517490534767746,
    "NMI": 0.8297819557164019,
    "Purity": 0.7127272727272728,
    "Silhouette_UMAP": 0.7272148132324219
}