{
    "ARI": 0.5263894325383641,
    "NMI": 0.6893008920189336,
    "Purity": 0.6353790613718412,
    "Silhouette_Euclidean": 0.19032113548496624
}