{
    "ARI": 0.39826440851476164,
    "NMI": 0.5927905986281946,
    "Purity": 0.5415162454873647,
    "Silhouette_DTW": 0.1002337688629723
}