{
    "ARI": 0.6465760242006006,
    "NMI": 0.8287432723988628,
    "Purity": 0.7106227106227107,
    "Silhouette_UMAP": 0.7560793474869668
}