{
    "ARI": 0.6150494535966322,
    "NMI": 0.5826331654569947,
    "Purity": 0.7184115523465704
}