{
    "ARI": 0.6325584073237528,
    "NMI": 0.7831452857021957,
    "Purity": 0.7028985507246377,
    "Silhouette_UMAP": 0.6426876783370972
}