{
    "ARI": 0.2975058574029207,
    "NMI": 0.6017127598920247,
    "Purity": 0.45985401459854014,
    "Silhouette_UMAP": 0.679092835090992
}