{
    "ARI": 0.37637489648898076,
    "NMI": 0.6345708298415274,
    "Purity": 0.5390334572490706,
    "Silhouette_UMAP": 0.6654946187214544
}