{
    "ARI": 0.507490885266958,
    "NMI": 0.6851707068484294,
    "Purity": 0.5740072202166066,
    "Silhouette_UMAP": 0.6731023495874924
}