{
    "ARI": 0.5466604347592136,
    "NMI": 0.7301508409042843,
    "Purity": 0.6425992779783394,
    "Silhouette_Euclidean": 0.15235738768853785
}