{
    "ARI": 0.5336427429341762,
    "NMI": 0.7938951869542007,
    "Purity": 0.5956678700361011,
    "Silhouette_UMAP": 0.7931530475616455
}