{
    "ARI": 0.45303260597984507,
    "NMI": 0.6135059277568773,
    "Purity": 0.6159420289855072,
    "Silhouette_Euclidean": 0.16199375654532794
}