{
    "ARI": 0.5479204166500459,
    "NMI": 0.7290634733208107,
    "Purity": 0.6353790613718412,
    "Silhouette_Euclidean": 0.11999591234271942
}