{
    "ARI": 0.6042759301281286,
    "NMI": 0.7914719892133366,
    "Purity": 0.6893939393939394,
    "Silhouette_UMAP": 0.7565469741821289
}