{
    "ARI": 0.5549744563987802,
    "NMI": 0.730434689325304,
    "Purity": 0.6498194945848376,
    "Silhouette_Euclidean": 0.12364327232109404
}