{
    "ARI": 0.5905352421492315,
    "NMI": 0.5425066454312779,
    "Purity": 0.6594202898550725
}