{
    "ARI": 0.5052454609346717,
    "NMI": 0.6904827343681567,
    "Purity": 0.6159420289855072,
    "Silhouette_Euclidean": 0.19078382899771978
}