{
    "ARI": 0.27635047386983824,
    "NMI": 0.5053636906399616,
    "Purity": 0.4368231046931408,
    "Silhouette_DTW": 0.08946392698317733
}