{
    "ARI": 0.44744277463168686,
    "NMI": 0.5931022854303264,
    "Purity": 0.6209386281588448,
    "Silhouette_Euclidean": 0.16084772272846842
}