{
    "ARI": 0.519369508432555,
    "NMI": 0.6877548106054426,
    "Purity": 0.6209386281588448,
    "Silhouette_Euclidean": 0.17967135621523408
}