{
    "ARI": 0.6638216809371448,
    "NMI": 0.8432580036512121,
    "Purity": 0.7184115523465704,
    "Silhouette_UMAP": 0.8093064977394264
}