{
    "ARI": 0.5475885266389623,
    "NMI": 0.7274202769962494,
    "Purity": 0.6353790613718412,
    "Silhouette_Euclidean": 0.1315075571917655
}