{
    "ARI": 0.5531430655934501,
    "NMI": 0.7285316697600845,
    "Purity": 0.6462093862815884,
    "Silhouette_Euclidean": 0.17237626113260612
}