{
    "ARI": 0.5088126894180244,
    "NMI": 0.6723759245035917,
    "Purity": 0.6101083032490975,
    "Silhouette_Euclidean": 0.1884538312879977
}