{
    "ARI": 0.21330014257680177,
    "NMI": 0.27106638633547714,
    "Purity": 0.36462093862815886
}