{
    "ARI": 0.6285986478024795,
    "NMI": 0.7972951676607496,
    "Purity": 0.6996336996336996,
    "Silhouette_UMAP": 0.7693906299596948
}