{
    "ARI": 0.5700028226159956,
    "NMI": 0.7468416104621983,
    "Purity": 0.5740072202166066,
    "Silhouette_UMAP_Euclidean": 0.7509412169456482
}