{
    "ARI": 0.5853324103382194,
    "NMI": 0.5399381802007289,
    "Purity": 0.644927536231884
}