{
    "ARI": 0.4158308424213556,
    "NMI": 0.6028888300220332,
    "Purity": 0.5234657039711191,
    "Silhouette_DTW": 0.10188476662315826
}