{
    "ARI": 0.5369800769538763,
    "NMI": 0.785609805879192,
    "Purity": 0.6173285198555957,
    "Silhouette_UMAP": 0.8117233518782699
}