{
    "ARI": 0.5107536888727198,
    "NMI": 0.7025567989599271,
    "Purity": 0.5740072202166066,
    "Silhouette_UMAP": 0.7668128824170809
}