{
    "ARI": 0.633916290743124,
    "NMI": 0.7984934484714258,
    "Purity": 0.7018181818181818,
    "Silhouette_UMAP": 0.7639370156445711
}