{
    "ARI": 0.28344273425174943,
    "NMI": 0.499354493428162,
    "Purity": 0.4404332129963899,
    "Silhouette_DTW": 0.09559744127309991
}