{
    "ARI": 0.6461324774455851,
    "NMI": 0.8185566245289133,
    "Purity": 0.7101449275362319,
    "Silhouette_UMAP": 0.7490132596392691
}