{
    "ARI": 0.20599568251113112,
    "NMI": 0.38607071695674683,
    "Purity": 0.37545126353790614,
    "Silhouette_DTW": 0.08468607676818417
}