{
    "ARI": 0.5355741834622176,
    "NMI": 0.7849549810220353,
    "Purity": 0.6181818181818182,
    "Silhouette_UMAP": 0.7605316638946533
}