{
    "ARI": 0.5379546592898269,
    "NMI": 0.7859098689192074,
    "Purity": 0.6195652173913043,
    "Silhouette_UMAP": 0.7721854848505165
}