{
    "ARI": 0.12952790065776368,
    "NMI": 0.24819694609720502,
    "Purity": 0.34296028880866425
}