{
    "ARI": 0.4093938650006991,
    "NMI": 0.6578712710482332,
    "Purity": 0.555956678700361,
    "Silhouette_UMAP": 0.6360333468303793
}