{
    "ARI": 0.5777079436331529,
    "NMI": 0.5789975516735072,
    "Purity": 0.6750902527075813
}