{
    "ARI": 0.5161483994491634,
    "NMI": 0.7106253523375008,
    "Purity": 0.6209386281588448,
    "Silhouette_Euclidean": 0.1064446911100846
}