{
    "ARI": 0.38358266127916346,
    "NMI": 0.4596851107918329,
    "Purity": 0.592057761732852
}