{
    "ARI": 0.49831819151795326,
    "NMI": 0.6802207038551581,
    "Purity": 0.5942028985507246,
    "Silhouette_Euclidean": 0.17448824463599433
}