{
    "ARI": 0.5477338592016056,
    "NMI": 0.7289671200982777,
    "Purity": 0.6353790613718412,
    "Silhouette_Euclidean": 0.15809356186136675
}