{
    "ARI": 0.14829177426416798,
    "NMI": 0.23866095270384632,
    "Purity": 0.4057971014492754
}