{
    "ARI": 0.29955067365959853,
    "NMI": 0.6026823596013983,
    "Purity": 0.4618181818181818,
    "Silhouette_UMAP": 0.6765317320823669
}