{
    "ARI": 0.48935931939437505,
    "NMI": 0.664725256734186,
    "Purity": 0.5956678700361011,
    "Silhouette_Euclidean": 0.1832219907110451
}