{
    "ARI": 0.24537826540745247,
    "NMI": 0.30966528701662976,
    "Purity": 0.4782608695652174
}