{
    "ARI": 0.5378903961320849,
    "NMI": 0.7852517581055716,
    "Purity": 0.6292134831460674,
    "Silhouette_UMAP": 0.7688593864440918
}