{
    "ARI": 0.4225869950890446,
    "NMI": 0.513870562647505,
    "Purity": 0.5956678700361011
}