{
    "ARI": 0.5467734753241364,
    "NMI": 0.7255666268542066,
    "Purity": 0.631768953068592,
    "Silhouette_Euclidean": 0.11979702686807336
}