{
    "ARI": 0.6564205495949973,
    "NMI": 0.8312360807893683,
    "Purity": 0.7148014440433214,
    "Silhouette_UMAP_Euclidean": 0.7945865988731384
}