{
    "ARI": 0.48003155149788873,
    "NMI": 0.7574293534077269,
    "Purity": 0.5451263537906137,
    "Silhouette_UMAP": 0.8241441257501955
}