{
    "ARI": 0.5140710844924835,
    "NMI": 0.7199178999801262,
    "Purity": 0.5740072202166066,
    "Silhouette_UMAP": 0.6853203177452087
}