{
    "ARI": 0.5164042857774787,
    "NMI": 0.7648927731155389,
    "Purity": 0.5942028985507246,
    "Silhouette_UMAP": 0.7940375936592784
}