{
    "ARI": 0.33190072835744294,
    "NMI": 0.5412237602819212,
    "Purity": 0.4223826714801444,
    "Silhouette_UMAP_Euclidean": 0.673850953578949
}