{
    "ARI": 0.38768547473423265,
    "NMI": 0.48084221670932786,
    "Purity": 0.5992779783393501
}