{
    "ARI": 0.3045980997087646,
    "NMI": 0.6052024112525753,
    "Purity": 0.4673913043478261,
    "Silhouette_UMAP": 0.5639616520804701
}