{
    "ARI": 0.535316904301644,
    "NMI": 0.7846392302791683,
    "Purity": 0.6213235294117647,
    "Silhouette_UMAP": 0.7657738924026489
}