{
    "ARI": 0.5107536888727198,
    "NMI": 0.702556798959927,
    "Purity": 0.5740072202166066,
    "Silhouette_UMAP": 0.6916748881340027
}