{
    "ARI": 0.4608188078683788,
    "NMI": 0.4009055305702821,
    "Purity": 0.5144927536231884
}