{
    "ARI": 0.655106378657982,
    "NMI": 0.8313872883998146,
    "Purity": 0.7148014440433214,
    "Silhouette_UMAP": 0.8435842902382276
}