{
    "ARI": 0.5415852167055489,
    "NMI": 0.7211513165250566,
    "Purity": 0.631768953068592,
    "Silhouette_Euclidean": 0.11781147657393617
}