{
    "ARI": 0.6409531387576086,
    "NMI": 0.8105301976734594,
    "Purity": 0.7054545454545454,
    "Silhouette_UMAP": 0.7672437084291651
}