{
    "ARI": 0.5186822629196589,
    "NMI": 0.765886802245924,
    "Purity": 0.5956678700361011,
    "Silhouette_UMAP": 0.7895456552505493
}