{
    "ARI": 0.535041741953395,
    "NMI": 0.7851276468368293,
    "Purity": 0.6137184115523465,
    "Silhouette_UMAP": 0.8125874996185303
}