{
    "ARI": 0.5376641980654526,
    "NMI": 0.7853913320471367,
    "Purity": 0.6259259259259259,
    "Silhouette_UMAP": 0.7842737055773882
}