{
    "ARI": 0.520286747254496,
    "NMI": 0.7321500779579692,
    "Purity": 0.5776173285198556,
    "Silhouette_UMAP_Euclidean": 0.7804272770881653
}