{
    "ARI": 0.4343060584271379,
    "NMI": 0.6132518661102672,
    "Purity": 0.502127659574468,
    "Silhouette_UMAP_Euclidean": 0.8372381329536438
}