{
    "ARI": 0.3936636107806601,
    "NMI": 0.6256283333730295,
    "Purity": 0.5451263537906137,
    "Silhouette_UMAP_Euclidean": 0.7028470635414124
}