{
    "ARI": 0.6534225406018482,
    "NMI": 0.8305930182159578,
    "Purity": 0.7137681159420289,
    "Silhouette_UMAP": 0.7269518375396729
}