{
    "ARI": 0.635411230310094,
    "NMI": 0.7993752126503021,
    "Purity": 0.7028985507246377,
    "Silhouette_UMAP": 0.7618910175932464
}