{
    "ARI": 0.6494994435634244,
    "NMI": 0.8201565157256397,
    "Purity": 0.7111913357400722,
    "Silhouette_UMAP": 0.7170549631118774
}