{
    "ARI": 0.40770188826267173,
    "NMI": 0.6063229137935825,
    "Purity": 0.5234657039711191,
    "Silhouette_DTW": 0.10257017233481981
}