{
    "ARI": 0.5515310921043861,
    "NMI": 0.7268748717915928,
    "Purity": 0.6425992779783394,
    "Silhouette_Euclidean": 0.14256229758175548
}