{
    "ARI": 0.520286747254496,
    "NMI": 0.7321500779579692,
    "Purity": 0.5776173285198556,
    "Silhouette_UMAP": 0.8467172980308533
}