{
    "ARI": 0.47210414745787393,
    "NMI": 0.6165744279146047,
    "Purity": 0.6376811594202898,
    "Silhouette_Euclidean": 0.1562860019935909
}