{
    "ARI": 0.5465853249759094,
    "NMI": 0.7254703002998505,
    "Purity": 0.631768953068592,
    "Silhouette_Euclidean": 0.11381368977369791
}