{
    "ARI": 0.7584386804575629,
    "NMI": 0.787279218751782,
    "Purity": 0.7953667953667953,
    "Silhouette_UMAP": 0.6446946859359741
}