{
    "ARI": 0.403978969989987,
    "NMI": 0.6441893016805269,
    "Purity": 0.5523465703971119,
    "Silhouette_UMAP": 0.6314016978481879
}